year,county_name,yield_bu_per_acre
2015,ADAIR,176.5
2015,ADAMS,169.6
2015,ALLAMAKEE,175.4
2015,APPANOOSE,154.3
2015,AUDUBON,189.8
2015,BENTON,187.5
2015,BLACK HAWK,192.9
2015,BOONE,192.3
2015,BREMER,203.1
2015,BUCHANAN,191.6
2015,BUENA VISTA,202.7
2015,BUTLER,193.3
2015,CALHOUN,194.7
2015,CARROLL,195.4
2015,CASS,193.7
2015,CEDAR,188.8
2015,CERRO GORDO,196.9
2015,CHEROKEE,209.6
2015,CHICKASAW,202.8
2015,CLARKE,152.4
2015,CLAY,202.8
2015,CLAYTON,193.2
2015,CLINTON,188.2
2015,CRAWFORD,199.1
2015,DALLAS,182.4
2015,DAVIS,142.4
2015,DECATUR,162.7
2015,DELAWARE,195.8
2015,DES MOINES,176.0
2015,DICKINSON,194.5
2015,DUBUQUE,197.0
2015,EMMET,203.3
2015,FAYETTE,191.8
2015,FLOYD,196.5
2015,FRANKLIN,200.2
2015,FREMONT,179.9
2015,GREENE,189.0
2015,GRUNDY,199.9
2015,GUTHRIE,179.2
2015,HAMILTON,198.1
2015,HANCOCK,201.2
2015,HARDIN,199.3
2015,HARRISON,189.5
2015,HENRY,178.4
2015,HOWARD,202.1
2015,HUMBOLDT,194.8
2015,IDA,203.1
2015,IOWA,199.3
2015,JACKSON,190.6
2015,JASPER,198.9
2015,JEFFERSON,168.2
2015,JOHNSON,187.1
2015,JONES,186.6
2015,KEOKUK,181.0
2015,KOSSUTH,199.0
2015,LEE,145.1
2015,LINN,189.2
2015,LOUISA,181.7
2015,LUCAS,154.8
2015,LYON,196.0
2015,MADISON,169.6
2015,MAHASKA,190.3
2015,MARION,178.1
2015,MARSHALL,194.9
2015,MITCHELL,202.1
2015,MONONA,169.0
2015,MONTGOMERY,185.2
2015,MUSCATINE,177.7
2015,O BRIEN,205.2
2015,OSCEOLA,204.7
2015,OTHER (COMBINED) COUNTIES,168.2
2015,PAGE,165.8
2015,PALO ALTO,197.5
2015,PLYMOUTH,203.6
2015,POCAHONTAS,205.5
2015,POLK,187.0
2015,POTTAWATTAMIE,204.0
2015,POWESHIEK,197.8
2015,RINGGOLD,147.8
2015,SAC,204.8
2015,SCOTT,195.9
2015,SHELBY,195.3
2015,SIOUX,201.9
2015,STORY,188.0
2015,TAMA,189.5
2015,VAN BUREN,158.3
2015,WAPELLO,159.3
2015,WARREN,170.3
2015,WASHINGTON,195.0
2015,WAYNE,158.0
2015,WEBSTER,201.0
2015,WINNEBAGO,203.6
2015,WINNESHIEK,185.6
2015,WOODBURY,202.3
2015,WORTH,202.1
2015,WRIGHT,198.4
2016,ADAIR,190.3
2016,ADAMS,187.4
2016,ALLAMAKEE,205.1
2016,APPANOOSE,186.3
2016,AUDUBON,206.1
2016,BENTON,199.9
2016,BLACK HAWK,206.4
2016,BOONE,208.4
2016,BREMER,210.6
2016,BUCHANAN,205.6
2016,BUENA VISTA,201.1
2016,BUTLER,207.3
2016,CALHOUN,207.3
2016,CARROLL,203.1
2016,CASS,195.9
2016,CEDAR,215.3
2016,CERRO GORDO,193.6
2016,CHEROKEE,219.7
2016,CHICKASAW,206.6
2016,CLARKE,163.9
2016,CLAY,202.0
2016,CLAYTON,210.3
2016,CLINTON,213.8
2016,CRAWFORD,213.5
2016,DALLAS,204.0
2016,DAVIS,188.7
2016,DECATUR,181.1
2016,DELAWARE,202.3
2016,DES MOINES,210.0
2016,DICKINSON,188.0
2016,DUBUQUE,211.5
2016,EMMET,198.5
2016,FAYETTE,202.5
2016,FLOYD,196.3
2016,FRANKLIN,204.8
2016,FREMONT,180.8
2016,GREENE,205.5
2016,GRUNDY,198.5
2016,GUTHRIE,198.2
2016,HAMILTON,209.0
2016,HANCOCK,200.3
2016,HARDIN,208.0
2016,HARRISON,204.6
2016,HENRY,199.0
2016,HOWARD,202.2
2016,HUMBOLDT,206.1
2016,IDA,216.0
2016,IOWA,210.6
2016,JACKSON,202.1
2016,JASPER,214.7
2016,JEFFERSON,197.0
2016,JOHNSON,189.0
2016,JONES,201.3
2016,KEOKUK,208.6
2016,KOSSUTH,204.7
2016,LEE,194.6
2016,LINN,200.3
2016,LOUISA,200.2
2016,LUCAS,174.6
2016,LYON,206.9
2016,MADISON,185.5
2016,MAHASKA,204.7
2016,MARION,198.0
2016,MARSHALL,211.3
2016,MILLS,188.4
2016,MITCHELL,199.1
2016,MONONA,184.5
2016,MONROE,180.0
2016,MONTGOMERY,185.5
2016,MUSCATINE,203.0
2016,O BRIEN,210.7
2016,OSCEOLA,203.7
2016,PAGE,185.8
2016,PALO ALTO,196.0
2016,PLYMOUTH,209.2
2016,POCAHONTAS,206.8
2016,POLK,199.8
2016,POTTAWATTAMIE,210.4
2016,POWESHIEK,213.2
2016,RINGGOLD,179.5
2016,SAC,214.3
2016,SCOTT,216.0
2016,SHELBY,215.3
2016,SIOUX,212.2
2016,STORY,211.9
2016,TAMA,208.4
2016,TAYLOR,159.9
2016,UNION,183.0
2016,VAN BUREN,189.0
2016,WAPELLO,196.9
2016,WARREN,184.6
2016,WASHINGTON,208.2
2016,WAYNE,174.5
2016,WEBSTER,200.8
2016,WINNEBAGO,197.9
2016,WINNESHIEK,210.7
2016,WOODBURY,203.7
2016,WORTH,191.5
2016,WRIGHT,200.2
2017,ADAIR,175.2
2017,ADAMS,179.9
2017,ALLAMAKEE,190.5
2017,APPANOOSE,170.0
2017,AUDUBON,211.2
2017,BENTON,215.3
2017,BLACK HAWK,209.2
2017,BOONE,192.4
2017,BREMER,212.7
2017,BUCHANAN,221.3
2017,BUENA VISTA,187.9
2017,BUTLER,211.4
2017,CALHOUN,195.1
2017,CARROLL,211.3
2017,CASS,197.4
2017,CEDAR,222.3
2017,CERRO GORDO,208.9
2017,CHEROKEE,203.7
2017,CHICKASAW,194.4
2017,CLAY,197.3
2017,CLAYTON,213.6
2017,CLINTON,213.3
2017,CRAWFORD,221.9
2017,DALLAS,187.2
2017,DAVIS,107.3
2017,DELAWARE,218.0
2017,DES MOINES,200.1
2017,DICKINSON,196.2
2017,DUBUQUE,215.1
2017,EMMET,210.1
2017,FAYETTE,207.6
2017,FLOYD,203.4
2017,FRANKLIN,206.1
2017,FREMONT,204.5
2017,GREENE,202.2
2017,GRUNDY,217.3
2017,GUTHRIE,197.6
2017,HAMILTON,194.6
2017,HANCOCK,200.2
2017,HARDIN,213.7
2017,HARRISON,193.2
2017,HENRY,196.4
2017,HOWARD,201.7
2017,HUMBOLDT,200.9
2017,IDA,215.7
2017,IOWA,216.7
2017,JACKSON,202.1
2017,JASPER,204.6
2017,JEFFERSON,165.5
2017,JOHNSON,213.1
2017,JONES,217.0
2017,KEOKUK,176.4
2017,KOSSUTH,205.6
2017,LEE,178.0
2017,LINN,217.4
2017,LOUISA,216.6
2017,LYON,218.9
2017,MADISON,173.1
2017,MAHASKA,177.2
2017,MARION,185.7
2017,MARSHALL,222.4
2017,MILLS,190.1
2017,MITCHELL,213.4
2017,MONONA,196.0
2017,MONROE,169.9
2017,MONTGOMERY,199.1
2017,MUSCATINE,206.8
2017,O BRIEN,213.8
2017,OSCEOLA,211.6
2017,OTHER (COMBINED) COUNTIES,129.7
2017,PAGE,193.1
2017,PALO ALTO,195.4
2017,PLYMOUTH,193.0
2017,POCAHONTAS,190.9
2017,POLK,200.3
2017,POTTAWATTAMIE,195.8
2017,POWESHIEK,215.1
2017,RINGGOLD,167.8
2017,SAC,194.5
2017,SCOTT,220.0
2017,SHELBY,207.1
2017,SIOUX,220.7
2017,STORY,200.3
2017,TAMA,220.6
2017,TAYLOR,175.0
2017,UNION,147.9
2017,VAN BUREN,128.2
2017,WAPELLO,153.0
2017,WARREN,183.2
2017,WASHINGTON,220.4
2017,WEBSTER,197.9
2017,WINNEBAGO,210.7
2017,WINNESHIEK,199.7
2017,WOODBURY,200.5
2017,WORTH,198.5
2017,WRIGHT,206.9
2018,ADAIR,149.5
2018,ADAMS,171.6
2018,ALLAMAKEE,198.4
2018,AUDUBON,180.0
2018,BENTON,214.6
2018,BLACK HAWK,206.2
2018,BOONE,193.7
2018,BREMER,212.4
2018,BUCHANAN,207.1
2018,BUENA VISTA,193.1
2018,BUTLER,211.3
2018,CALHOUN,193.3
2018,CARROLL,208.4
2018,CASS,169.5
2018,CEDAR,222.3
2018,CERRO GORDO,184.4
2018,CHEROKEE,213.3
2018,CHICKASAW,192.9
2018,CLARKE,161.8
2018,CLAY,158.5
2018,CLAYTON,201.5
2018,CLINTON,210.9
2018,CRAWFORD,214.0
2018,DALLAS,174.0
2018,DECATUR,172.5
2018,DELAWARE,224.8
2018,DES MOINES,195.4
2018,DICKINSON,160.4
2018,DUBUQUE,211.8
2018,EMMET,155.8
2018,FAYETTE,200.1
2018,FLOYD,184.4
2018,FRANKLIN,204.3
2018,FREMONT,195.1
2018,GREENE,201.3
2018,GRUNDY,225.2
2018,GUTHRIE,192.2
2018,HAMILTON,188.9
2018,HANCOCK,176.7
2018,HARDIN,216.6
2018,HARRISON,176.0
2018,HENRY,189.7
2018,HOWARD,185.5
2018,HUMBOLDT,162.3
2018,IDA,222.2
2018,IOWA,211.7
2018,JACKSON,202.4
2018,JASPER,218.6
2018,JEFFERSON,198.8
2018,JOHNSON,212.3
2018,JONES,208.9
2018,KEOKUK,203.7
2018,KOSSUTH,180.2
2018,LEE,201.3
2018,LINN,215.4
2018,LOUISA,196.5
2018,LYON,193.0
2018,MADISON,167.8
2018,MAHASKA,207.7
2018,MARION,190.2
2018,MARSHALL,226.0
2018,MITCHELL,193.3
2018,MONONA,181.4
2018,MONROE,167.0
2018,MONTGOMERY,191.5
2018,MUSCATINE,209.6
2018,O BRIEN,201.6
2018,OSCEOLA,180.2
2018,OTHER (COMBINED) COUNTIES,172.0666666666667
2018,PAGE,188.1
2018,PALO ALTO,157.9
2018,PLYMOUTH,213.8
2018,POCAHONTAS,179.2
2018,POLK,186.2
2018,POWESHIEK,218.7
2018,RINGGOLD,153.3
2018,SAC,213.5
2018,SCOTT,214.0
2018,SHELBY,189.1
2018,SIOUX,211.9
2018,STORY,192.3
2018,TAMA,224.3
2018,TAYLOR,154.4
2018,UNION,155.8
2018,VAN BUREN,180.9
2018,WARREN,163.6
2018,WASHINGTON,214.3
2018,WAYNE,171.6
2018,WEBSTER,188.1
2018,WINNEBAGO,180.8
2018,WINNESHIEK,198.1
2018,WOODBURY,219.3
2018,WORTH,180.0
2018,WRIGHT,180.5
2019,ADAIR,176.5
2019,ALLAMAKEE,187.2
2019,APPANOOSE,166.8
2019,AUDUBON,216.0
2019,BENTON,197.6
2019,BLACK HAWK,205.1
2019,BOONE,194.8
2019,BREMER,212.5
2019,BUCHANAN,218.9
2019,BUENA VISTA,190.8
2019,BUTLER,209.5
2019,CALHOUN,198.8
2019,CARROLL,219.7
2019,CASS,200.3
2019,CEDAR,193.7
2019,CERRO GORDO,191.8
2019,CHEROKEE,208.9
2019,CHICKASAW,212.1
2019,CLAY,185.5
2019,CLAYTON,197.5
2019,CLINTON,196.1
2019,CRAWFORD,234.7
2019,DALLAS,195.0
2019,DAVIS,160.0
2019,DELAWARE,204.5
2019,DES MOINES,176.9
2019,DICKINSON,170.0
2019,DUBUQUE,216.4
2019,FAYETTE,200.5
2019,FLOYD,202.9
2019,FRANKLIN,202.7
2019,GREENE,201.4
2019,GRUNDY,209.8
2019,GUTHRIE,196.7
2019,HAMILTON,198.2
2019,HANCOCK,193.3
2019,HARDIN,200.2
2019,HENRY,164.5
2019,HOWARD,194.2
2019,HUMBOLDT,198.7
2019,IOWA,190.6
2019,JACKSON,185.5
2019,JASPER,209.3
2019,JEFFERSON,162.7
2019,JOHNSON,181.3
2019,JONES,203.0
2019,KEOKUK,175.4
2019,KOSSUTH,198.7
2019,LEE,172.5
2019,LINN,223.7
2019,LOUISA,174.6
2019,LYON,186.5
2019,MADISON,175.7
2019,MAHASKA,189.9
2019,MARION,170.7
2019,MARSHALL,221.9
2019,MILLS,202.9
2019,MITCHELL,194.5
2019,MONONA,203.9
2019,MONROE,162.3
2019,MONTGOMERY,204.8
2019,MUSCATINE,173.2
2019,O BRIEN,204.9
2019,OSCEOLA,182.5
2019,OTHER (COMBINED) COUNTIES,185.775
2019,PAGE,191.3
2019,PALO ALTO,198.3
2019,PLYMOUTH,217.8
2019,POLK,196.6
2019,POTTAWATTAMIE,208.0
2019,POWESHIEK,200.3
2019,SAC,220.6
2019,SCOTT,189.4
2019,SHELBY,217.3
2019,SIOUX,192.1
2019,STORY,189.3
2019,TAMA,204.8
2019,TAYLOR,161.7
2019,UNION,168.9
2019,VAN BUREN,171.0
2019,WAPELLO,176.5
2019,WASHINGTON,178.9
2019,WAYNE,151.4
2019,WEBSTER,202.9
2019,WINNEBAGO,198.8
2019,WINNESHIEK,200.4
2019,WOODBURY,218.2
2019,WORTH,196.5
2019,WRIGHT,197.0
2020,ADAIR,168.7
2020,ADAMS,173.3
2020,ALLAMAKEE,196.3
2020,APPANOOSE,143.6
2020,AUDUBON,170.8
2020,BENTON,144.8
2020,BLACK HAWK,169.8
2020,BOONE,160.7
2020,BREMER,187.6
2020,BUCHANAN,188.3
2020,BUENA VISTA,183.9
2020,BUTLER,192.8
2020,CALHOUN,159.6
2020,CARROLL,150.6
2020,CASS,177.5
2020,CEDAR,153.3
2020,CERRO GORDO,182.5
2020,CHEROKEE,185.7
2020,CHICKASAW,185.7
2020,CLARKE,155.2
2020,CLAY,168.1
2020,CLAYTON,191.1
2020,CLINTON,178.4
2020,CRAWFORD,181.2
2020,DALLAS,139.7
2020,DAVIS,170.0
2020,DECATUR,159.3
2020,DELAWARE,190.4
2020,DES MOINES,190.2
2020,DICKINSON,182.2
2020,DUBUQUE,197.1
2020,EMMET,186.1
2020,FAYETTE,180.1
2020,FLOYD,187.4
2020,FRANKLIN,180.1
2020,FREMONT,194.8
2020,GREENE,153.8
2020,GRUNDY,182.7
2020,GUTHRIE,151.3
2020,HAMILTON,166.2
2020,HANCOCK,200.0
2020,HARDIN,155.7
2020,HARRISON,180.2
2020,HENRY,172.0
2020,HOWARD,188.6
2020,HUMBOLDT,188.4
2020,IDA,188.2
2020,IOWA,151.1
2020,JACKSON,185.6
2020,JEFFERSON,167.3
2020,JOHNSON,161.8
2020,JONES,171.6
2020,KEOKUK,163.5
2020,KOSSUTH,190.7
2020,LEE,174.3
2020,LINN,164.9
2020,LOUISA,181.6
2020,LUCAS,149.2
2020,LYON,197.0
2020,MADISON,172.0
2020,MAHASKA,180.8
2020,MILLS,182.2
2020,MITCHELL,203.3
2020,MONONA,178.4
2020,MONROE,153.8
2020,MONTGOMERY,184.6
2020,MUSCATINE,172.8
2020,O BRIEN,199.5
2020,OSCEOLA,185.3
2020,OTHER COUNTIES,175.4
2020,PAGE,181.6
2020,PALO ALTO,181.1
2020,POCAHONTAS,186.2
2020,POLK,150.2
2020,POTTAWATTAMIE,176.3
2020,POWESHIEK,138.2
2020,RINGGOLD,159.1
2020,SAC,161.0
2020,SCOTT,181.3
2020,SHELBY,190.5
2020,SIOUX,201.8
2020,STORY,148.4
2020,TAMA,132.7
2020,TAYLOR,166.2
2020,UNION,179.7
2020,VAN BUREN,153.5
2020,WAPELLO,170.6
2020,WARREN,168.0
2020,WASHINGTON,185.4
2020,WAYNE,168.8
2020,WEBSTER,173.1
2020,WINNEBAGO,207.1
2020,WINNESHIEK,178.2
2020,WOODBURY,191.0
2020,WORTH,205.7
2020,WRIGHT,186.0
2021,ALLAMAKEE,198.5
2021,APPANOOSE,171.6
2021,AUDUBON,216.0
2021,BENTON,211.7
2021,BLACK HAWK,193.6
2021,BOONE,208.4
2021,BREMER,200.1
2021,BUCHANAN,209.0
2021,BUENA VISTA,203.9
2021,BUTLER,204.5
2021,CALHOUN,217.8
2021,CARROLL,218.3
2021,CASS,212.4
2021,CEDAR,207.1
2021,CERRO GORDO,200.0
2021,CHICKASAW,208.2
2021,CLAY,203.3
2021,CLAYTON,195.3
2021,CLINTON,206.5
2021,CRAWFORD,218.5
2021,DALLAS,209.9
2021,DAVIS,152.5
2021,DELAWARE,218.0
2021,DICKINSON,177.7
2021,DUBUQUE,217.2
2021,EMMET,182.5
2021,FAYETTE,205.6
2021,FLOYD,204.4
2021,FRANKLIN,198.9
2021,FREMONT,206.7
2021,GREENE,220.5
2021,GRUNDY,209.4
2021,GUTHRIE,220.0
2021,HANCOCK,209.8
2021,HARDIN,193.2
2021,HENRY,167.7
2021,HOWARD,207.3
2021,HUMBOLDT,205.4
2021,IDA,226.8
2021,JACKSON,191.2
2021,JASPER,221.7
2021,JEFFERSON,163.3
2021,KEOKUK,176.5
2021,KOSSUTH,190.7
2021,LEE,160.4
2021,LOUISA,189.5
2021,LUCAS,166.1
2021,LYON,216.7
2021,MADISON,195.6
2021,MAHASKA,200.5
2021,MARION,199.1
2021,MARSHALL,211.5
2021,MILLS,209.8
2021,MITCHELL,203.3
2021,MONONA,197.7
2021,MONROE,166.1
2021,MONTGOMERY,204.9
2021,MUSCATINE,204.5
2021,O BRIEN,213.5
2021,OSCEOLA,208.0
2021,OTHER COUNTIES,203.8
2021,PAGE,206.9
2021,PALO ALTO,190.1
2021,PLYMOUTH,190.9
2021,POCAHONTAS,213.9
2021,POLK,217.5
2021,POTTAWATTAMIE,216.3
2021,POWESHIEK,201.0
2021,RINGGOLD,175.8
2021,SAC,231.0
2021,SCOTT,206.8
2021,SIOUX,220.6
2021,STORY,201.2
2021,TAMA,213.9
2021,TAYLOR,192.0
2021,UNION,185.2
2021,VAN BUREN,162.5
2021,WAPELLO,178.0
2021,WAYNE,177.0
2021,WEBSTER,216.2
2021,WINNEBAGO,197.6
2021,WINNESHIEK,199.3
2021,WOODBURY,206.7
2021,WORTH,207.4
2021,WRIGHT,192.2
2022,ADAIR,164.2
2022,ALLAMAKEE,215.9
2022,APPANOOSE,146.1
2022,AUDUBON,197.9
2022,BENTON,221.7
2022,BLACK HAWK,202.4
2022,BOONE,202.4
2022,BREMER,210.8
2022,BUCHANAN,209.7
2022,BUENA VISTA,196.9
2022,BUTLER,212.4
2022,CALHOUN,202.3
2022,CARROLL,195.7
2022,CASS,179.2
2022,CEDAR,221.4
2022,CERRO GORDO,216.9
2022,CHEROKEE,198.7
2022,CHICKASAW,214.6
2022,CLAY,191.4
2022,CLAYTON,215.4
2022,CLINTON,225.2
2022,CRAWFORD,216.4
2022,DALLAS,187.2
2022,DAVIS,154.9
2022,DECATUR,148.7
2022,DELAWARE,230.8
2022,DES MOINES,194.8
2022,DICKINSON,203.4
2022,DUBUQUE,223.7
2022,EMMET,213.6
2022,FAYETTE,209.8
2022,FLOYD,204.6
2022,FRANKLIN,220.1
2022,FREMONT,191.6
2022,GREENE,197.3
2022,GRUNDY,207.5
2022,GUTHRIE,193.6
2022,HAMILTON,208.6
2022,HANCOCK,211.5
2022,HARDIN,215.6
2022,HARRISON,172.4
2022,HENRY,167.7
2022,HOWARD,217.2
2022,HUMBOLDT,195.5
2022,IDA,221.2
2022,IOWA,205.9
2022,JACKSON,219.2
2022,JASPER,203.6
2022,JEFFERSON,178.0
2022,JOHNSON,205.2
2022,JONES,218.2
2022,KEOKUK,170.4
2022,KOSSUTH,196.8
2022,LEE,178.2
2022,LINN,215.0
2022,LOUISA,196.3
2022,LUCAS,139.5
2022,LYON,190.8
2022,MADISON,166.9
2022,MAHASKA,186.3
2022,MARION,175.2
2022,MARSHALL,214.1
2022,MILLS,191.1
2022,MITCHELL,217.9
2022,MONONA,168.6
2022,MONROE,145.4
2022,MONTGOMERY,187.8
2022,MUSCATINE,213.1
2022,O BRIEN,201.1
2022,OSCEOLA,197.5
2022,OTHER COUNTIES,150.2
2022,PAGE,174.5
2022,PALO ALTO,195.8
2022,PLYMOUTH,171.8
2022,POCAHONTAS,198.2
2022,POLK,188.6
2022,POTTAWATTAMIE,195.0
2022,POWESHIEK,193.3
2022,RINGGOLD,151.8
2022,SAC,212.4
2022,SCOTT,216.2
2022,SHELBY,209.0
2022,SIOUX,196.6
2022,STORY,207.1
2022,TAMA,203.3
2022,TAYLOR,172.1
2022,UNION,149.4
2022,VAN BUREN,151.9
2022,WAPELLO,170.8
2022,WARREN,157.8
2022,WASHINGTON,185.7
2022,WAYNE,170.1
2022,WEBSTER,201.5
2022,WINNEBAGO,217.5
2022,WINNESHIEK,212.4
2022,WOODBURY,200.2
2022,WORTH,219.4
2022,WRIGHT,209.7
2023,ALLAMAKEE,183.9
2023,APPANOOSE,172.8
2023,AUDUBON,197.6
2023,BENTON,199.7
2023,BOONE,226.5
2023,BREMER,199.9
2023,BUCHANAN,190.7
2023,BUENA VISTA,212.0
2023,BUTLER,183.1
2023,CALHOUN,201.6
2023,CARROLL,196.7
2023,CEDAR,205.7
2023,CHEROKEE,211.7
2023,CHICKASAW,198.9
2023,CLAY,203.9
2023,CLAYTON,201.1
2023,CLINTON,198.0
2023,CRAWFORD,187.9
2023,DALLAS,210.9
2023,DAVIS,179.8
2023,DECATUR,205.3
2023,DELAWARE,198.9
2023,DES MOINES,207.9
2023,DICKINSON,201.3
2023,DUBUQUE,199.5
2023,FAYETTE,205.9
2023,FLOYD,191.8
2023,FRANKLIN,210.5
2023,FREMONT,211.0
2023,GREENE,208.0
2023,GRUNDY,212.9
2023,HAMILTON,215.5
2023,HANCOCK,204.9
2023,HARDIN,213.3
2023,HARRISON,190.3
2023,HENRY,195.1
2023,HOWARD,183.9
2023,HUMBOLDT,205.8
2023,IDA,198.0
2023,IOWA,213.5
2023,JACKSON,189.6
2023,JASPER,218.0
2023,JEFFERSON,195.1
2023,JOHNSON,203.1
2023,JONES,190.7
2023,KEOKUK,211.6
2023,LEE,203.7
2023,LINN,179.5
2023,LUCAS,173.9
2023,LYON,200.2
2023,MADISON,202.0
2023,MAHASKA,214.9
2023,MARION,203.7
2023,MARSHALL,216.3
2023,MILLS,204.3
2023,MITCHELL,171.8
2023,MONONA,165.4
2023,MONROE,181.1
2023,MONTGOMERY,206.2
2023,MUSCATINE,211.9
2023,O BRIEN,212.7
2023,OSCEOLA,203.7
2023,OTHER COUNTIES,198.9
2023,PAGE,206.6
2023,PALO ALTO,211.7
2023,PLYMOUTH,205.7
2023,POCAHONTAS,218.1
2023,POLK,206.4
2023,POTTAWATTAMIE,198.5
2023,POWESHIEK,204.9
2023,SAC,199.1
2023,SCOTT,210.1
2023,SHELBY,196.0
2023,SIOUX,211.4
2023,STORY,211.4
2023,TAMA,197.4
2023,TAYLOR,192.9
2023,UNION,217.0
2023,VAN BUREN,189.3
2023,WAPELLO,202.9
2023,WARREN,199.2
2023,WASHINGTON,188.3
2023,WEBSTER,212.8
2023,WINNEBAGO,211.3
2023,WINNESHIEK,195.3
2023,WOODBURY,168.3
2023,WORTH,187.6
2023,WRIGHT,202.5
2024,ADAIR,211.2
2024,ALLAMAKEE,216.3
2024,AUDUBON,224.2
2024,BENTON,238.6
2024,BLACK HAWK,205.9
2024,BOONE,217.6
2024,BREMER,205.9
2024,BUCHANAN,220.8
2024,BUTLER,209.8
2024,CALHOUN,228.8
2024,CARROLL,240.9
2024,CASS,217.0
2024,CEDAR,236.2
2024,CERRO GORDO,199.7
2024,CHEROKEE,207.1
2024,CHICKASAW,206.5
2024,CLARKE,183.9
2024,CLAY,176.1
2024,CLAYTON,220.2
2024,CLINTON,235.9
2024,CRAWFORD,214.2
2024,DAVIS,194.9
2024,DECATUR,172.2
2024,DELAWARE,219.5
2024,DES MOINES,221.8
2024,DICKINSON,160.8
2024,DUBUQUE,221.7
2024,FAYETTE,201.2
2024,FLOYD,210.1
2024,FRANKLIN,204.9
2024,FREMONT,231.0
2024,GREENE,223.1
2024,HAMILTON,212.3
2024,HANCOCK,203.1
2024,HENRY,213.7
2024,HOWARD,212.5
2024,HUMBOLDT,205.7
2024,IDA,221.5
2024,IOWA,219.2
2024,JACKSON,227.5
2024,JEFFERSON,203.7
2024,JOHNSON,223.1
2024,JONES,233.3
2024,LEE,223.3
2024,LINN,230.1
2024,LOUISA,214.5
2024,LYON,198.8
2024,MAHASKA,222.9
2024,MARION,218.1
2024,MARSHALL,222.2
2024,MILLS,210.9
2024,MITCHELL,212.8
2024,MONONA,192.0
2024,MONROE,191.7
2024,MONTGOMERY,215.8
2024,MUSCATINE,220.4
2024,O BRIEN,199.0
2024,OTHER COUNTIES,205.7
2024,PAGE,209.1
2024,PALO ALTO,182.3
2024,PLYMOUTH,195.6
2024,POCAHONTAS,203.0
2024,POLK,218.0
2024,POWESHIEK,223.0
2024,SAC,229.1
2024,SCOTT,234.2
2024,STORY,215.5
2024,TAYLOR,192.7
2024,WAYNE,194.8
2024,WEBSTER,211.6
2024,WINNEBAGO,182.6
2024,WINNESHIEK,212.1
2024,WOODBURY,206.4
2024,WORTH,198.6
2025,ADAIR,187.0
2025,ALLAMAKEE,211.1
2025,AUDUBON,224.7
2025,BLACK HAWK,207.2
2025,BOONE,209.9
2025,BREMER,213.1
2025,BUCHANAN,208.9
2025,BUENA VISTA,210.0
2025,BUTLER,210.8
2025,CALHOUN,214.6
2025,CASS,188.4
2025,CEDAR,215.0
2025,CERRO GORDO,196.3
2025,CHEROKEE,225.4
2025,CHICKASAW,219.6
2025,CLAY,212.1
2025,CLAYTON,224.0
2025,CLINTON,220.9
2025,CRAWFORD,224.9
2025,DALLAS,213.3
2025,DAVIS,192.3
2025,DECATUR,182.9
2025,DELAWARE,224.1
2025,DES MOINES,221.1
2025,DICKINSON,220.2
2025,DUBUQUE,217.3
2025,EMMET,227.1
2025,FLOYD,219.1
2025,FRANKLIN,208.5
2025,FREMONT,195.8
2025,GREENE,213.3
2025,GRUNDY,215.9
2025,HAMILTON,212.7
2025,HANCOCK,196.3
2025,HARDIN,208.7
2025,HARRISON,186.2
2025,HENRY,209.6
2025,HOWARD,233.8
2025,HUMBOLDT,202.5
2025,IDA,232.4
2025,IOWA,220.3
2025,JACKSON,213.2
2025,JEFFERSON,199.4
2025,JOHNSON,209.7
2025,JONES,215.1
2025,KEOKUK,209.2
2025,KOSSUTH,204.6
2025,LEE,198.0
2025,LINN,216.2
2025,LUCAS,183.4
2025,MADISON,192.6
2025,MAHASKA,218.5
2025,MARION,209.6
2025,MILLS,190.4
2025,MITCHELL,215.4
2025,MONONA,203.1
2025,MONROE,186.4
2025,MONTGOMERY,197.6
2025,MUSCATINE,207.1
2025,O BRIEN,220.1
2025,OSCEOLA,230.1
2025,OTHER COUNTIES,207.8
2025,PALO ALTO,209.9
2025,POCAHONTAS,210.2
2025,POLK,203.6
2025,POWESHIEK,217.2
2025,SAC,224.3
2025,SCOTT,224.5
2025,STORY,204.0
2025,TAYLOR,176.6
2025,UNION,193.1
2025,WAPELLO,203.6
2025,WARREN,194.3
2025,WASHINGTON,218.6
2025,WEBSTER,211.9
2025,WINNEBAGO,205.4
2025,WINNESHIEK,215.1
2025,WOODBURY,213.7
2025,WORTH,201.1
2025,WRIGHT,190.2
